month,municipality,customer_locations
2024-01,Tampere,81
2024-01,Helsinki,51
2024-01,Espoo,18
2024-01,Vantaa,11
2024-01,Turku,7
2024-01,Jyväskylä,7
2024-01,Kirkkonummi,4
2024-01,Pirkkala,3
2024-01,Kangasala,3
2024-01,Järvenpää,1
2024-01,Lempäälä,1
2024-01,Akaa,1
2024-01,Inkoo,1
2024-01,Nokia,1
2024-01,Porvoo,1
2024-01,Hämeenlinna,1
2024-01,Lahti,1
2024-02,Tampere,95
2024-02,Helsinki,46
2024-02,Turku,13
2024-02,Espoo,11
2024-02,Vantaa,9
2024-02,Kangasala,5
2024-02,Nokia,5
2024-02,Pirkkala,4
2024-02,Ylöjärvi,3
2024-02,Järvenpää,3
2024-02,Sipoo,2
2024-02,Naantali,2
2024-02,Lempäälä,2
2024-02,Lahti,1
2024-02,Hanko,1
2024-02,Kaarina,1
2024-02,Uusikaupunki,1
2024-02,Hämeenlinna,1
2024-02,Karkkila,1
2024-02,Lieto,1
2024-02,Raisio,1
2024-02,Akaa,1
2024-02,Kuopio,1
2024-03,Tampere,58
2024-03,Helsinki,36
2024-03,Turku,20
2024-03,Espoo,13
2024-03,Vantaa,12
2024-03,Kangasala,6
2024-03,Nokia,3
2024-03,Ylöjärvi,2
2024-03,Pirkkala,2
2024-03,Tuusula,2
2024-03,Vehmaa,1
2024-03,Lempäälä,1
2024-04,Tampere,83
2024-04,Helsinki,73
2024-04,Espoo,16
2024-04,Turku,14
2024-04,Vantaa,7
2024-04,Lempäälä,7
2024-04,Ylöjärvi,3
2024-04,Kerava,3
2024-04,Nokia,3
2024-04,Kangasala,2
2024-04,Järvenpää,2
2024-04,Vaasa,2
2024-04,Jyväskylä,2
2024-04,Tuusula,1
2024-04,Sauvo,1
2024-04,Pirkkala,1
2024-04,Kouvola,1
2024-04,Sastamala,1
2024-04,Nurmijärvi,1
2024-04,Valkeakoski,1
2024-05,Tampere,86
2024-05,Helsinki,81
2024-05,Espoo,33
2024-05,Vantaa,16
2024-05,Turku,15
2024-05,Lempäälä,7
2024-05,Nokia,6
2024-05,Kangasala,5
2024-05,Jyväskylä,5
2024-05,Salo,3
2024-05,Sipoo,3
2024-05,Pirkkala,3
2024-05,Ylöjärvi,2
2024-05,Vaasa,2
2024-05,Raisio,2
2024-05,Lahti,2
2024-05,Tuusula,2
2024-05,Kerava,1
2024-05,Järvenpää,1
2024-05,Hyvinkää,1
2024-05,Kirkkonummi,1
2024-05,Vesilahti,1
2024-05,Nurmijärvi,1
2024-05,Pietarsaari,1
2024-05,Orivesi,1
2024-05,Naantali,1
2024-05,Orimattila,1
2024-05,Akaa,1
2024-06,Tampere,91
2024-06,Helsinki,79
2024-06,Espoo,23
2024-06,Turku,14
2024-06,Vantaa,11
2024-06,Nokia,4
2024-06,Pirkkala,4
2024-06,Hämeenlinna,3
2024-06,Kangasala,3
2024-06,Lempäälä,3
2024-06,Jyväskylä,2
2024-06,Akaa,2
2024-06,Vesilahti,1
2024-06,Kouvola,1
2024-06,Naantali,1
2024-06,Hämeenkyrö,1
2024-06,Lappeenranta,1
2024-06,Alavus,1
2024-06,Laukaa,1
2024-06,Ruovesi,1
2024-06,Vaasa,1
2024-06,Porvoo,1
2024-06,Kaarina,1
2024-06,Valkeakoski,1
2024-06,Ikaalinen,1
2024-07,Tampere,92
2024-07,Helsinki,92
2024-07,Turku,31
2024-07,Espoo,21
2024-07,Vantaa,14
2024-07,Pirkkala,5
2024-07,Jyväskylä,5
2024-07,Ylöjärvi,4
2024-07,Kirkkonummi,4
2024-07,Kauniainen,4
2024-07,Nokia,3
2024-07,Kangasala,3
2024-07,Kaarina,2
2024-07,Vaasa,2
2024-07,Lempäälä,2
2024-07,Raisio,2
2024-07,Lohja,2
2024-07,Urjala,1
2024-07,Hanko,1
2024-07,Valkeakoski,1
2024-07,Porvoo,1
2024-07,Hollola,1
2024-07,Hämeenlinna,1
2024-07,Tuusula,1
2024-07,Kouvola,1
2024-07,Kerava,1
2024-07,Nurmijärvi,1
2024-07,Uusikaupunki,1
2024-07,Orivesi,1
2024-07,Pälkäne,1
2024-07,Vesilahti,1
2024-08,Helsinki,111
2024-08,Tampere,67
2024-08,Turku,19
2024-08,Vantaa,15
2024-08,Espoo,14
2024-08,Vaasa,7
2024-08,Jyväskylä,6
2024-08,Kirkkonummi,5
2024-08,Tuusula,4
2024-08,Nokia,3
2024-08,Kangasala,3
2024-08,Pirkkala,3
2024-08,Kerava,2
2024-08,Kotka,1
2024-08,Seinäjoki,1
2024-08,Salo,1
2024-08,Ylöjärvi,1
2024-08,Lempäälä,1
2024-08,Lohja,1
2024-08,Sipoo,1
2024-08,Lahti,1
2024-08,Paimio,1
2024-08,Virrat,1
2024-08,Lieto,1
2024-09,Helsinki,138
2024-09,Tampere,80
2024-09,Espoo,28
2024-09,Vantaa,25
2024-09,Turku,25
2024-09,Kangasala,6
2024-09,Nokia,3
2024-09,Kerava,2
2024-09,Raasepori,2
2024-09,Hyvinkää,2
2024-09,Naantali,2
2024-09,Lempäälä,2
2024-09,Ylöjärvi,2
2024-09,Pirkkala,2
2024-09,Hämeenkyrö,1
2024-09,Vaasa,1
2024-09,Järvenpää,1
2024-09,Sipoo,1
2024-09,Keuruu,1
2024-09,Jyväskylä,1
2024-09,Kirkkonummi,1
2024-09,Hämeenlinna,1
2024-09,Pälkäne,1
2024-09,Lieto,1
2024-09,Kristiinankaupunki,1
2024-09,Sastamala,1
2024-09,Kauniainen,1
2024-09,Kaarina,1
2024-09,Sauvo,1
2024-10,Helsinki,144
2024-10,Tampere,100
2024-10,Espoo,41
2024-10,Turku,37
2024-10,Vantaa,19
2024-10,Nokia,10
2024-10,Vaasa,8
2024-10,Ylöjärvi,7
2024-10,Kangasala,6
2024-10,Pirkkala,5
2024-10,Jyväskylä,5
2024-10,Kauniainen,3
2024-10,Porvoo,2
2024-10,Naantali,2
2024-10,Kerava,2
2024-10,Kirkkonummi,1
2024-10,Lempäälä,1
2024-10,Lieto,1
2024-10,Lohja,1
2024-10,Oulu,1
2024-10,Kristiinankaupunki,1
2024-10,Sastamala,1
2024-10,Raasepori,1
2024-10,Tammela,1
2024-10,Valkeakoski,1
2024-10,Lahti,1
2024-10,Akaa,1
2024-10,Riihimäki,1
2024-10,Lappeenranta,1
2024-10,Salo,1
2024-11,Helsinki,137
2024-11,Tampere,105
2024-11,Espoo,32
2024-11,Turku,24
2024-11,Nokia,12
2024-11,Lempäälä,9
2024-11,Vaasa,9
2024-11,Ylöjärvi,9
2024-11,Vantaa,7
2024-11,Kangasala,5
2024-11,Jyväskylä,4
2024-11,Kaarina,4
2024-11,Pirkkala,3
2024-11,Vihti,3
2024-11,Järvenpää,3
2024-11,Kirkkonummi,2
2024-11,Vesilahti,2
2024-11,Lohja,2
2024-11,Akaa,2
2024-11,Kouvola,2
2024-11,Nurmijärvi,2
2024-11,Kauniainen,2
2024-11,Sipoo,1
2024-11,Tuusula,1
2024-11,Lappeenranta,1
2024-11,Muurame,1
2024-11,Raisio,1
2024-11,Orivesi,1
2024-11,Hyvinkää,1
2024-11,Riihimäki,1
2024-11,Paimio,1
2024-11,Hämeenkyrö,1
2024-12,Helsinki,123
2024-12,Tampere,89
2024-12,Espoo,38
2024-12,Vantaa,26
2024-12,Turku,24
2024-12,Vaasa,7
2024-12,Nokia,6
2024-12,Kangasala,6
2024-12,Jyväskylä,5
2024-12,Pirkkala,5
2024-12,Lempäälä,5
2024-12,Kerava,5
2024-12,Kauniainen,3
2024-12,Hämeenlinna,2
2024-12,Ylöjärvi,2
2024-12,Parainen,2
2024-12,Hyvinkää,2
2024-12,Lohja,1
2024-12,Humppila,1
2024-12,Orivesi,1
2024-12,Riihimäki,1
2024-12,Ikaalinen,1
2024-12,Alajärvi,1
2024-12,Valkeakoski,1
2024-12,Mikkeli,1
2024-12,Kirkkonummi,1
2024-12,Mänttä-Vilppula,1
2024-12,Vihti,1
2025-01,Helsinki,125
2025-01,Tampere,119
2025-01,Espoo,27
2025-01,Turku,19
2025-01,Vantaa,18
2025-01,Nokia,11
2025-01,Lempäälä,9
2025-01,Pirkkala,7
2025-01,Ylöjärvi,7
2025-01,Kerava,5
2025-01,Jyväskylä,4
2025-01,Kangasala,4
2025-01,Kaarina,3
2025-01,Kirkkonummi,3
2025-01,Raisio,3
2025-01,Hämeenlinna,3
2025-01,Järvenpää,2
2025-01,Tuusula,2
2025-01,Vaasa,2
2025-01,Sipoo,2
2025-01,Mustasaari,1
2025-01,Akaa,1
2025-01,Kauniainen,1
2025-01,Laitila,1
2025-01,Janakkala,1
2025-01,Vesilahti,1
2025-01,Kristiinankaupunki,1
2025-01,Pori,1
2025-02,Helsinki,151
2025-02,Tampere,90
2025-02,Espoo,26
2025-02,Turku,24
2025-02,Vantaa,16
2025-02,Vaasa,11
2025-02,Jyväskylä,11
2025-02,Pirkkala,7
2025-02,Kaarina,4
2025-02,Kirkkonummi,4
2025-02,Ylöjärvi,3
2025-02,Kangasala,3
2025-02,Sipoo,3
2025-02,Vihti,3
2025-02,Nokia,3
2025-02,Nurmijärvi,3
2025-02,Orivesi,2
2025-02,Hämeenlinna,2
2025-02,Pori,2
2025-02,Lempäälä,2
2025-02,Järvenpää,1
2025-02,Kerava,1
2025-02,Hyvinkää,1
2025-02,Tuusula,1
2025-02,Kauniainen,1
2025-02,Forssa,1
2025-02,Hollola,1
2025-02,Jämsä,1
2025-03,Helsinki,152
2025-03,Tampere,131
2025-03,Turku,39
2025-03,Espoo,39
2025-03,Vantaa,26
2025-03,Vaasa,14
2025-03,Kerava,10
2025-03,Kangasala,10
2025-03,Jyväskylä,8
2025-03,Nokia,6
2025-03,Ylöjärvi,4
2025-03,Lahti,3
2025-03,Tuusula,3
2025-03,Pirkkala,3
2025-03,Naantali,2
2025-03,Raisio,2
2025-03,Lempäälä,2
2025-03,Kirkkonummi,2
2025-03,Akaa,2
2025-03,Orivesi,1
2025-03,Masku,1
2025-03,Kaarina,1
2025-03,Eura,1
2025-03,Vihti,1
2025-03,Hyvinkää,1
2025-03,Järvenpää,1
2025-03,Vesilahti,1
2025-03,Karkkila,1
2025-03,Valkeakoski,1
2025-03,Riihimäki,1
2025-03,Mikkeli,1
2025-03,Kauniainen,1
2025-03,Porvoo,1
2025-04,Helsinki,163
2025-04,Tampere,103
2025-04,Espoo,47
2025-04,Turku,42
2025-04,Vantaa,39
2025-04,Vaasa,12
2025-04,Nokia,10
2025-04,Kirkkonummi,4
2025-04,Kaarina,4
2025-04,Ylöjärvi,4
2025-04,Pirkkala,3
2025-04,Kangasala,3
2025-04,Lempäälä,3
2025-04,Järvenpää,2
2025-04,Jyväskylä,2
2025-04,Kerava,2
2025-04,Raisio,2
2025-04,Pöytyä,2
2025-04,Porvoo,1
2025-04,Valkeakoski,1
2025-04,Salo,1
2025-04,Mäntsälä,1
2025-04,Sauvo,1
2025-04,Lohja,1
2025-04,Orivesi,1
2025-04,Rusko,1
2025-04,Äänekoski,1
2025-04,Hyvinkää,1
2025-04,Nurmijärvi,1
2025-04,Hämeenlinna,1
2025-04,Kauniainen,1
2025-04,Viitasaari,1
2025-05,Helsinki,194
2025-05,Tampere,149
2025-05,Espoo,48
2025-05,Turku,40
2025-05,Vantaa,24
2025-05,Vaasa,18
2025-05,Nokia,14
2025-05,Jyväskylä,8
2025-05,Nurmijärvi,6
2025-05,Lempäälä,6
2025-05,Kangasala,5
2025-05,Kauniainen,4
2025-05,Pirkkala,3
2025-05,Kerava,3
2025-05,Lohja,3
2025-05,Järvenpää,3
2025-05,Sipoo,3
2025-05,Tuusula,3
2025-05,Hämeenlinna,3
2025-05,Valkeakoski,2
2025-05,Kirkkonummi,2
2025-05,Naantali,2
2025-05,Raisio,2
2025-05,Kaarina,2
2025-05,Laihia,2
2025-05,Mustasaari,2
2025-05,Ylöjärvi,2
2025-05,Hyvinkää,1
2025-05,Hämeenkyrö,1
2025-05,Virrat,1
2025-05,Oulu,1
2025-05,Jämijärvi,1
2025-05,Raasepori,1
2025-05,Pori,1
2025-05,Porvoo,1
2025-05,Masku,1
2025-05,Iitti,1
2025-05,Salo,1
2025-05,Lahti,1
2025-05,Askola,1
2025-05,Sastamala,1
2025-05,Karkkila,1
2025-05,Parainen,1
2025-05,Vihti,1
2025-05,Rusko,1
2025-06,Helsinki,207
2025-06,Tampere,159
2025-06,Espoo,64
2025-06,Turku,39
2025-06,Vantaa,28
2025-06,Jyväskylä,23
2025-06,Oulu,22
2025-06,Lahti,11
2025-06,Kangasala,11
2025-06,Hämeenlinna,9
2025-06,Vaasa,9
2025-06,Nokia,7
2025-06,Ylöjärvi,6
2025-06,Pirkkala,5
2025-06,Porvoo,4
2025-06,Raisio,3
2025-06,Tuusula,3
2025-06,Lempäälä,3
2025-06,Kaarina,3
2025-06,Naantali,3
2025-06,Kerava,2
2025-06,Sastamala,2
2025-06,Salo,2
2025-06,Mustasaari,2
2025-06,Orivesi,2
2025-06,Kirkkonummi,2
2025-06,Valkeakoski,2
2025-06,Hyvinkää,2
2025-06,Lieto,2
2025-06,Mikkeli,1
2025-06,Pöytyä,1
2025-06,Masku,1
2025-06,Nurmijärvi,1
2025-06,Janakkala,1
2025-06,Lappeenranta,1
2025-06,Vihti,1
2025-06,Kalajoki,1
2025-06,Lohja,1
2025-06,Järvenpää,1
2025-06,Kouvola,1
2025-07,Helsinki,197
2025-07,Tampere,146
2025-07,Espoo,76
2025-07,Vantaa,52
2025-07,Turku,46
2025-07,Jyväskylä,32
2025-07,Oulu,24
2025-07,Lahti,21
2025-07,Nokia,9
2025-07,Kangasala,8
2025-07,Pirkkala,8
2025-07,Nurmijärvi,6
2025-07,Lempäälä,4
2025-07,Lohja,4
2025-07,Kerava,4
2025-07,Vaasa,4
2025-07,Järvenpää,4
2025-07,Tuusula,3
2025-07,Kirkkonummi,3
2025-07,Hollola,2
2025-07,Kauniainen,2
2025-07,Mustasaari,2
2025-07,Jokioinen,2
2025-07,Hämeenlinna,2
2025-07,Ylöjärvi,2
2025-07,Orivesi,1
2025-07,Hausjärvi,1
2025-07,Kaarina,1
2025-07,Sipoo,1
2025-07,Riihimäki,1
2025-07,Valkeakoski,1
2025-07,Kärkölä,1
2025-07,Kempele,1
2025-07,Akaa,1
2025-07,Mikkeli,1
2025-07,Raisio,1
2025-07,Naantali,1
2025-07,Porvoo,1
2025-07,Kangasniemi,1
2025-07,Hämeenkyrö,1
2025-08,Helsinki,239
2025-08,Tampere,161
2025-08,Espoo,76
2025-08,Turku,49
2025-08,Vantaa,44
2025-08,Jyväskylä,22
2025-08,Oulu,20
2025-08,Lahti,11
2025-08,Kirkkonummi,11
2025-08,Kerava,10
2025-08,Pirkkala,8
2025-08,Vaasa,8
2025-08,Tuusula,6
2025-08,Lempäälä,6
2025-08,Järvenpää,6
2025-08,Nokia,5
2025-08,Kangasala,3
2025-08,Valkeakoski,3
2025-08,Kaarina,3
2025-08,Kempele,3
2025-08,Raisio,3
2025-08,Ylöjärvi,2
2025-08,Hämeenlinna,2
2025-08,Kauniainen,2
2025-08,Mäntsälä,2
2025-08,Paimio,2
2025-08,Sipoo,2
2025-08,Mikkeli,1
2025-08,Humppila,1
2025-08,Naantali,1
2025-08,Kyyjärvi,1
2025-08,Taipalsaari,1
2025-08,Muurame,1
2025-08,Orivesi,1
2025-08,Hyvinkää,1
2025-08,Karkkila,1
2025-08,Pyhtää,1
2025-08,Sauvo,1
2025-08,Hämeenkyrö,1
2025-08,Rovaniemi,1
2025-08,Masku,1
2025-08,Nurmijärvi,1
2025-08,Lieto,1
2025-08,Vihti,1
2025-08,Porvoo,1
2025-08,Janakkala,1
2025-08,Pälkäne,1
2025-09,Helsinki,236
2025-09,Tampere,152
2025-09,Espoo,62
2025-09,Vantaa,45
2025-09,Turku,33
2025-09,Jyväskylä,30
2025-09,Oulu,20
2025-09,Lahti,12
2025-09,Pirkkala,10
2025-09,Kangasala,8
2025-09,Nokia,6
2025-09,Kerava,6
2025-09,Vaasa,6
2025-09,Kirkkonummi,6
2025-09,Järvenpää,5
2025-09,Lohja,3
2025-09,Tuusula,3
2025-09,Kaarina,3
2025-09,Raisio,3
2025-09,Ylöjärvi,3
2025-09,Mustasaari,2
2025-09,Lempäälä,2
2025-09,Muurame,2
2025-09,Akaa,2
2025-09,Hyvinkää,2
2025-09,Kärkölä,1
2025-09,Kärsämäki,1
2025-09,Lappeenranta,1
2025-09,Loimaa,1
2025-09,Sauvo,1
2025-09,Hanko,1
2025-09,Sastamala,1
2025-09,Kempele,1
2025-09,Sipoo,1
2025-09,Nousiainen,1
2025-09,Hämeenlinna,1
2025-09,Riihimäki,1
2025-09,Porvoo,1
2025-09,Pornainen,1
2025-09,Valkeakoski,1
2025-09,Forssa,1
2025-09,Padasjoki,1
2025-10,Helsinki,260
2025-10,Tampere,149
2025-10,Espoo,45
2025-10,Turku,44
2025-10,Vantaa,39
2025-10,Jyväskylä,25
2025-10,Lahti,10
2025-10,Järvenpää,10
2025-10,Oulu,9
2025-10,Tuusula,8
2025-10,Ylöjärvi,8
2025-10,Vaasa,7
2025-10,Kangasala,7
2025-10,Kirkkonummi,5
2025-10,Nokia,4
2025-10,Raisio,4
2025-10,Pirkkala,3
2025-10,Kerava,3
2025-10,Vihti,3
2025-10,Naantali,2
2025-10,Lempäälä,2
2025-10,Nurmijärvi,2
2025-10,Parainen,2
2025-10,Hämeenlinna,2
2025-10,Hyvinkää,2
2025-10,Sipoo,2
2025-10,Akaa,1
2025-10,Pälkäne,1
2025-10,Porvoo,1
2025-10,Pornainen,1
2025-10,Mustasaari,1
2025-10,Kaarina,1
2025-10,Sauvo,1
2025-10,Lappeenranta,1
2025-10,Mäntsälä,1
2025-10,Ruovesi,1
2025-11,Helsinki,268
2025-11,Tampere,130
2025-11,Espoo,66
2025-11,Turku,32
2025-11,Vantaa,30
2025-11,Oulu,28
2025-11,Nokia,9
2025-11,Lahti,9
2025-11,Lempäälä,7
2025-11,Tuusula,4
2025-11,Vaasa,3
2025-11,Ylöjärvi,3
2025-11,Naantali,3
2025-11,Pirkkala,3
2025-11,Kangasala,3
2025-11,Kaarina,3
2025-11,Jyväskylä,3
2025-11,Hyvinkää,2
2025-11,Raisio,2
2025-11,Kauniainen,2
2025-11,Kirkkonummi,2
2025-11,Kerava,2
2025-11,Pornainen,1
2025-11,Loppi,1
2025-11,Heinola,1
2025-11,Rauma,1
2025-11,Lieto,1
2025-11,Hämeenlinna,1
2025-11,Mikkeli,1
2025-11,Kangasniemi,1
2025-11,Vihti,1
2025-11,Loimaa,1
2025-11,Sastamala,1
2025-11,Masku,1
2025-12,Helsinki,219
2025-12,Tampere,103
2025-12,Espoo,70
2025-12,Turku,51
2025-12,Vantaa,33
2025-12,Oulu,16
2025-12,Vaasa,11
2025-12,Lahti,11
2025-12,Jyväskylä,8
2025-12,Tuusula,7
2025-12,Pirkkala,7
2025-12,Nokia,6
2025-12,Ylöjärvi,6
2025-12,Kangasala,5
2025-12,Raisio,5
2025-12,Kerava,3
2025-12,Rauma,2
2025-12,Vihti,2
2025-12,Siuntio,2
2025-12,Nurmijärvi,2
2025-12,Kauniainen,2
2025-12,Laihia,2
2025-12,Lempäälä,2
2025-12,Akaa,2
2025-12,Järvenpää,2
2025-12,Muhos,1
2025-12,Sipoo,1
2025-12,Kirkkonummi,1
2025-12,Orimattila,1
2025-12,Mikkeli,1
2025-12,Salo,1
2025-12,Valkeakoski,1
2025-12,Lohja,1
2025-12,Liminka,1
2025-12,Hämeenlinna,1
2026-01,Helsinki,263
2026-01,Tampere,95
2026-01,Espoo,64
2026-01,Vantaa,41
2026-01,Turku,28
2026-01,Oulu,27
2026-01,Lahti,10
2026-01,Kangasala,9
2026-01,Vaasa,8
2026-01,Ylöjärvi,7
2026-01,Pirkkala,7
2026-01,Jyväskylä,4
2026-01,Raisio,4
2026-01,Kaarina,4
2026-01,Lempäälä,3
2026-01,Hollola,3
2026-01,Järvenpää,3
2026-01,Mikkeli,3
2026-01,Kouvola,2
2026-01,Siuntio,2
2026-01,Naantali,2
2026-01,Tuusula,2
2026-01,Kerava,2
2026-01,Rovaniemi,2
2026-01,Sipoo,2
2026-01,Kauniainen,2
2026-01,Rauma,2
2026-01,Nokia,2
2026-01,Tyrnävä,1
2026-01,Vihti,1
2026-01,Salo,1
2026-01,Kotka,1
2026-01,Pori,1
2026-01,Lappeenranta,1
2026-01,Hämeenlinna,1
2026-01,Kirkkonummi,1
2026-01,Hyvinkää,1
2026-01,Kempele,1
2026-02,Helsinki,206
2026-02,Tampere,116
2026-02,Espoo,50
2026-02,Turku,37
2026-02,Vantaa,30
2026-02,Oulu,14
2026-02,Jyväskylä,13
2026-02,Lahti,12
2026-02,Kerava,7
2026-02,Kangasala,6
2026-02,Vaasa,4
2026-02,Lempäälä,4
2026-02,Ylöjärvi,3
2026-02,Kotka,3
2026-02,Kuopio,3
2026-02,Hollola,2
2026-02,Mikkeli,2
2026-02,Sipoo,2
2026-02,Vesilahti,2
2026-02,Paimio,2
2026-02,Nurmijärvi,2
2026-02,Pirkkala,2
2026-02,Sastamala,1
2026-02,Valkeakoski,1
2026-02,Järvenpää,1
2026-02,Riihimäki,1
2026-02,Rovaniemi,1
2026-02,Urjala,1
2026-02,Nokia,1
2026-02,Tuusula,1
2026-02,Siuntio,1
2026-02,Rauma,1
2026-02,Naantali,1
2026-03,Helsinki,232
2026-03,Tampere,105
2026-03,Espoo,56
2026-03,Turku,38
2026-03,Vantaa,24
2026-03,Oulu,20
2026-03,Kangasala,11
2026-03,Lahti,8
2026-03,Nokia,7
2026-03,Kuopio,7
2026-03,Tuusula,5
2026-03,Lempäälä,4
2026-03,Jyväskylä,4
2026-03,Kerava,4
2026-03,Pirkkala,4
2026-03,Kempele,3
2026-03,Mikkeli,2
2026-03,Pori,2
2026-03,Savonlinna,2
2026-03,Sastamala,2
2026-03,Vaasa,2
2026-03,Porvoo,2
2026-03,Ylöjärvi,2
2026-03,Raisio,2
2026-03,Kaarina,1
2026-03,Hämeenkyrö,1
2026-03,Tuusniemi,1
2026-03,Parainen,1
2026-03,Kauniainen,1
2026-03,Kirkkonummi,1
2026-03,Sipoo,1
2026-03,Rovaniemi,1
2026-03,Pornainen,1
2026-03,Muhos,1
2026-03,Siuntio,1
2026-03,Järvenpää,1
2026-03,Nurmijärvi,1
2026-03,Seinäjoki,1
2026-03,Paimio,1
2026-03,Hyvinkää,1
2026-03,Raasepori,1
2026-03,Mustasaari,1
2026-03,Muurame,1
2026-03,Varkaus,1
2026-03,Salo,1
2026-03,Kotka,1
2026-04,Helsinki,196
2026-04,Tampere,88
2026-04,Espoo,54
2026-04,Turku,39
2026-04,Vantaa,26
2026-04,Oulu,17
2026-04,Jyväskylä,13
2026-04,Vaasa,10
2026-04,Kuopio,8
2026-04,Lahti,8
2026-04,Kotka,8
2026-04,Rovaniemi,6
2026-04,Kangasala,5
2026-04,Ylöjärvi,5
2026-04,Kerava,4
2026-04,Nurmijärvi,4
2026-04,Kirkkonummi,3
2026-04,Hämeenlinna,3
2026-04,Kempele,2
2026-04,Pirkkala,2
2026-04,Mikkeli,2
2026-04,Sipoo,2
2026-04,Lempäälä,2
2026-04,Kouvola,2
2026-04,Nokia,1
2026-04,Riihimäki,1
2026-04,Lieto,1
2026-04,Kaarina,1
2026-04,Sauvo,1
2026-04,Inkoo,1
2026-04,Kauniainen,1
2026-04,Naantali,1
2026-04,Siuntio,1
2026-04,Raisio,1
2026-04,Lohja,1
2026-04,Valkeakoski,1
2026-04,Ikaalinen,1
2026-05,Helsinki,220
2026-05,Tampere,102
2026-05,Espoo,48
2026-05,Turku,45
2026-05,Vantaa,27
2026-05,Oulu,22
2026-05,Kuopio,10
2026-05,Rovaniemi,10
2026-05,Kouvola,10
2026-05,Jyväskylä,9
2026-05,Lahti,8
2026-05,Vaasa,7
2026-05,Pirkkala,6
2026-05,Nurmijärvi,6
2026-05,Rauma,5
2026-05,Kotka,5
2026-05,Mikkeli,4
2026-05,Kirkkonummi,4
2026-05,Forssa,4
2026-05,Raisio,4
2026-05,Kempele,4
2026-05,Ilmajoki,4
2026-05,Ylöjärvi,3
2026-05,Viitasaari,3
2026-05,Tuusula,3
2026-05,Sipoo,3
2026-05,Hämeenlinna,3
2026-05,Salo,3
2026-05,Nokia,3
2026-05,Utajärvi,3
2026-05,Janakkala,3
2026-05,Naantali,3
2026-05,Kajaani,3
2026-05,Kerava,3
2026-05,Lempäälä,3
2026-05,Joensuu,3
2026-05,Ylivieska,2
2026-05,Porvoo,2
2026-05,Nousiainen,2
2026-05,Kangasala,2
2026-05,Hamina,2
2026-05,Oulainen,2
2026-05,Punkalaidun,2
2026-05,Loimaa,2
2026-05,Rantasalmi,2
2026-05,Sotkamo,2
2026-05,Varkaus,2
2026-05,Muhos,2
2026-05,Pielavesi,2
2026-05,Raasepori,2
2026-05,Järvenpää,2
2026-05,Vesilahti,1
2026-05,Kokkola,1
2026-05,Inkoo,1
2026-05,Pietarsaari,1
2026-05,Hartola,1
2026-05,Virrat,1
2026-05,Sauvo,1
2026-05,Liminka,1
2026-05,Hyvinkää,1
2026-05,Äänekoski,1
2026-05,Isokyrö,1
2026-05,Imatra,1
2026-05,Eurajoki,1
2026-05,Tyrnävä,1
2026-05,Savonlinna,1
2026-06,Helsinki,241
2026-06,Tampere,127
2026-06,Espoo,49
2026-06,Vantaa,33
2026-06,Turku,32
2026-06,Oulu,28
2026-06,Lahti,22
2026-06,Jyväskylä,15
2026-06,Kuopio,15
2026-06,Kangasala,14
2026-06,Vaasa,10
2026-06,Nokia,8
2026-06,Joensuu,8
2026-06,Pirkkala,7
2026-06,Pori,5
2026-06,Kotka,5
2026-06,Hausjärvi,5
2026-06,Kerava,5
2026-06,Naantali,5
2026-06,Rovaniemi,4
2026-06,Kouvola,4
2026-06,Kaarina,4
2026-06,Nurmijärvi,3
2026-06,Lempäälä,3
2026-06,Kokemäki,3
2026-06,Ylöjärvi,3
2026-06,Salo,3
2026-06,Viitasaari,3
2026-06,Seinäjoki,3
2026-06,Pornainen,3
2026-06,Loimaa,2
2026-06,Juuka,2
2026-06,Varkaus,2
2026-06,Kuortane,2
2026-06,Janakkala,2
2026-06,Kirkkonummi,2
2026-06,Kemiönsaari,2
2026-06,Paimio,2
2026-06,Hyvinkää,2
2026-06,Vieremä,2
2026-06,Kajaani,2
2026-06,Kempele,2
2026-06,Mäntsälä,2
2026-06,Sipoo,2
2026-06,Kuhmo,2
2026-06,Punkalaidun,2
2026-06,Hanko,2
2026-06,Pöytyä,1
2026-06,Kauhajoki,1
2026-06,Imatra,1
2026-06,Lappeenranta,1
2026-06,Äänekoski,1
2026-06,Inkoo,1
2026-06,Siilinjärvi,1
2026-06,Kaavi,1
2026-06,Kannus,1
2026-06,Pyhäjärvi,1
2026-06,Mynämäki,1
2026-06,Siikainen,1
2026-06,Forssa,1
2026-06,Savonlinna,1
2026-06,Jokioinen,1
2026-06,Loviisa,1
2026-06,Akaa,1
2026-06,Kauniainen,1
2026-06,Marttila,1
2026-06,Valkeakoski,1
2026-06,Järvenpää,1
2026-06,Hartola,1
2026-06,Ähtäri,1
2026-06,Pietarsaari,1
2026-06,Pieksämäki,1
2026-06,Lieto,1
2026-07,Helsinki,183
2026-07,Tampere,88
2026-07,Espoo,61
2026-07,Turku,51
2026-07,Vantaa,29
2026-07,Oulu,21
2026-07,Lahti,16
2026-07,Kerava,15
2026-07,Vaasa,13
2026-07,Jyväskylä,13
2026-07,Kuopio,12
2026-07,Tuusula,9
2026-07,Joensuu,7
2026-07,Nokia,6
2026-07,Kotka,5
2026-07,Kouvola,5
2026-07,Lempäälä,5
2026-07,Lappeenranta,4
2026-07,Hämeenlinna,4
2026-07,Kirkkonummi,4
2026-07,Salo,4
2026-07,Naantali,3
2026-07,Varkaus,3
2026-07,Rovaniemi,3
2026-07,Loviisa,3
2026-07,Pirkkala,3
2026-07,Kangasala,3
2026-07,Hyvinkää,2
2026-07,Kauniainen,2
2026-07,Hausjärvi,2
2026-07,Parainen,2
2026-07,Lohja,2
2026-07,Akaa,2
2026-07,Ylöjärvi,2
2026-07,Pori,2
2026-07,Janakkala,2
2026-07,Ii,2
2026-07,Nurmijärvi,1
2026-07,Sipoo,1
2026-07,Äänekoski,1
2026-07,Toivakka,1
2026-07,Savonlinna,1
2026-07,Rauma,1
2026-07,Kajaani,1
2026-07,Tohmajärvi,1
2026-07,Pälkäne,1
2026-07,Valkeakoski,1
2026-07,Merijärvi,1
2026-07,Porvoo,1
2026-07,Kaarina,1
2026-07,Ylivieska,1
2026-07,Raasepori,1
2026-07,Mynämäki,1
2026-07,Imatra,1
2026-07,Punkalaidun,1
2026-07,Sastamala,1
2026-07,Suomussalmi,1
2026-07,Jämsä,1
2026-07,Padasjoki,1
2026-07,Viitasaari,1
2026-07,Kalajoki,1
2026-07,Marttila,1
2026-07,Paimio,1
2026-07,Orimattila,1
2026-07,Järvenpää,1
2026-08,Helsinki,243
2026-08,Tampere,124
2026-08,Espoo,55
2026-08,Turku,50
2026-08,Oulu,46
2026-08,Vantaa,43
2026-08,Lahti,35
2026-08,Jyväskylä,28
2026-08,Kuopio,15
2026-08,Joensuu,15
2026-08,Vaasa,13
2026-08,Hämeenlinna,12
2026-08,Rovaniemi,10
2026-08,Forssa,9
2026-08,Kouvola,9
2026-08,Seinäjoki,7
2026-08,Kerava,7
2026-08,Raahe,6
2026-08,Kangasala,6
2026-08,Nurmijärvi,6
2026-08,Tuusula,5
2026-08,Nokia,5
2026-08,Savonlinna,4
2026-08,Rauma,4
2026-08,Pori,4
2026-08,Vihti,4
2026-08,Juuka,4
2026-08,Laukaa,4
2026-08,Hattula,4
2026-08,Lempäälä,4
2026-08,Pirkkala,4
2026-08,Raisio,3
2026-08,Parainen,3
2026-08,Sipoo,3
2026-08,Kauniainen,3
2026-08,Ylöjärvi,3
2026-08,Varkaus,3
2026-08,Keuruu,3
2026-08,Kempele,3
2026-08,Kauhava,3
2026-08,Mikkeli,3
2026-08,Nakkila,3
2026-08,Ulvila,3
2026-08,Nurmes,2
2026-08,Hollola,2
2026-08,Liperi,2
2026-08,Kokkola,2
2026-08,Salo,2
2026-08,Pietarsaari,2
2026-08,Akaa,2
2026-08,Kurikka,2
2026-08,Hyvinkää,2
2026-08,Kaarina,2
2026-08,Heinola,2
2026-08,Rusko,2
2026-08,Hausjärvi,2
2026-08,Porvoo,2
2026-08,Taipalsaari,2
2026-08,Tornio,2
2026-08,Naantali,2
2026-08,Liminka,2
2026-08,Lieto,1
2026-08,Lohja,1
2026-08,Pieksämäki,1
2026-08,Mynämäki,1
2026-08,Kruunupyy,1
2026-08,Oulainen,1
2026-08,Närpiö,1
2026-08,Inari,1
2026-08,Polvijärvi,1
2026-08,Eurajoki,1
2026-08,Pukkila,1
2026-08,Huittinen,1
2026-08,Ranua,1
2026-08,Ylivieska,1
2026-08,Kontiolahti,1
2026-08,Merijärvi,1
2026-08,Kotka,1
2026-08,Virolahti,1
2026-08,Keminmaa,1
2026-08,Eura,1
2026-08,Mustasaari,1
2026-08,Puolanka,1
2026-08,Kärkölä,1
2026-08,Kajaani,1
2026-08,Lappeenranta,1
2026-08,Kittilä,1
2026-08,Orimattila,1
2026-08,Uurainen,1
2026-09,Helsinki,141
2026-09,Tampere,76
2026-09,Turku,41
2026-09,Espoo,29
2026-09,Vantaa,27
2026-09,Oulu,21
2026-09,Jyväskylä,17
2026-09,Kotka,10
2026-09,Lahti,9
2026-09,Kuopio,9
2026-09,Raisio,6
2026-09,Hämeenlinna,5
2026-09,Kouvola,5
2026-09,Kangasala,5
2026-09,Seinäjoki,4
2026-09,Rovaniemi,4
2026-09,Vaasa,4
2026-09,Hyvinkää,3
2026-09,Joensuu,3
2026-09,Nousiainen,3
2026-09,Tuusula,3
2026-09,Mikkeli,2
2026-09,Hamina,2
2026-09,Kemiönsaari,2
2026-09,Kerava,2
2026-09,Pirkkala,2
2026-09,Outokumpu,2
2026-09,Kauhava,2
2026-09,Ylöjärvi,2
2026-09,Järvenpää,2
2026-09,Hausjärvi,2
2026-09,Lieto,2
2026-09,Kempele,2
2026-09,Sipoo,2
2026-09,Lempäälä,2
2026-09,Ii,2
2026-09,Siuntio,2
2026-09,Raahe,2
2026-09,Rauma,1
2026-09,Kirkkonummi,1
2026-09,Pyhtää,1
2026-09,Askola,1
2026-09,Taivalkoski,1
2026-09,Mäntsälä,1
2026-09,Kuhmo,1
2026-09,Imatra,1
2026-09,Laitila,1
2026-09,Uusikaupunki,1
2026-09,Iisalmi,1
2026-09,Porvoo,1
2026-09,Lapua,1
2026-09,Pori,1
2026-09,Juva,1
2026-09,Heinola,1
2026-09,Vieremä,1
2026-09,Siikajoki,1
2026-09,Rusko,1
2026-09,Salo,1
2026-09,Liperi,1
2026-09,Kokemäki,1
2026-09,Ähtäri,1
2026-09,Nokia,1
2026-09,Mynämäki,1
2026-09,Savonlinna,1
2026-09,Puumala,1
2026-09,Kaarina,1
2026-09,Äänekoski,1
2026-09,Mustasaari,1
