term,frequency,comments_mentioning,share_of_comments_pct
ystävällisiä,677,521,38.8
palvelu,459,389,29.0
nopea,384,359,26.7
mukavia,342,302,22.5
muutto,296,216,16.1
toimi,239,220,16.4
ammattitaitoisia,237,203,15.1
kohteliaita,226,193,14.4
reippaita,208,186,13.8
työntekijät,198,183,13.6
sujui,197,186,13.8
kuljetus,194,160,11.9
hyvä,172,153,11.4
aikataulu,168,164,12.2
asiallisia,167,153,11.4
tehokkaita,158,136,10.1
asiakaspalvelu,157,138,10.3
helppo,156,154,11.5
sovitusti,144,140,10.4
tavarat,139,118,8.8
ripeästi,133,127,9.5
kuski,125,102,7.6
homma,122,116,8.6
täsmällinen,120,114,8.5
kiitos,107,100,7.4
kantajat,102,91,6.8
ajallaan,95,93,6.9
hoitivat,93,89,6.6
huolellisia,91,79,5.9
erinomainen,87,77,5.7
sujuva,87,84,6.3
osaavia,86,80,6.0
paikalla,77,74,5.5
hinta,76,75,5.6
loistava,76,69,5.1
avulias,75,67,5.0
muuton,68,62,4.6
hoitui,67,66,4.9
luotettava,66,60,4.5
apukuskit,63,57,4.2
nopeus,60,60,4.5
suosittelen,59,57,4.2
reipas,59,56,4.2
nuoria,56,54,4.0
asiansa,56,48,3.6
kavereita,56,51,3.8
selkeä,55,50,3.7
ahkeria,53,48,3.6
hyvää,52,47,3.5
joustavuus,52,50,3.7
miehiä,50,49,3.6
tilata,49,47,3.5
miehet,47,46,3.4
tilauksen,46,40,3.0
itse,46,42,3.1
ajoissa,46,45,3.4
ripeitä,45,45,3.4
hyviä,43,43,3.2
vastattiin,43,41,3.1
hienosti,43,42,3.1
saapui,40,39,2.9
varata,40,40,3.0
onnistui,38,37,2.8
nopeita,38,38,2.8
päivälle,38,36,2.7
kantoivat,34,32,2.4
kaikin,34,33,2.5
tarjous,34,29,2.2
iloisia,34,31,2.3
edullinen,34,34,2.5
the,33,12,0.9
and,33,19,1.4
hyvät,33,32,2.4
henkilöt,32,30,2.2
puhelimessa,32,30,2.2
yhteydenpito,32,32,2.4
varaus,32,31,2.3
iso,32,28,2.1
vielä,31,29,2.2
aikaan,31,30,2.2
huonekalut,31,31,2.3
hyväntuulisia,31,30,2.2
huippuja,31,29,2.2
sain,30,27,2.0
aikana,30,30,2.2
tarvinnut,29,28,2.1
siirto,29,28,2.1
juuri,29,27,2.0
hoidettiin,29,29,2.2
tyyppejä,29,25,1.9
asenne,29,27,2.0
ilmoitettiin,28,26,1.9
viestintä,28,27,2.0
perille,28,28,2.1
tilannut,27,25,1.9
tilaaminen,27,26,1.9
nouto,27,25,1.9
etukäteen,26,25,1.9
tekivät,26,25,1.9
suojattiin,26,23,1.7
kohtuullinen,26,25,1.9
auttavaisia,26,25,1.9
täydet,25,24,1.8
täysin,25,25,1.9
myöhässä,24,21,1.6
huomaavaisia,24,20,1.5
helposti,24,24,1.8
mielelläni,24,20,1.5
käyttää,23,23,1.7
auto,23,20,1.5
kerrokseen,23,23,1.7
ongelmitta,23,23,1.7
soitti,22,21,1.6
tapahtui,22,21,1.6
puolin,22,21,1.6
was,21,12,0.9
kokemus,21,20,1.5
netissä,21,20,1.5
kommunikaatio,21,20,1.5
suoritus,21,19,1.4
nuoret,21,19,1.4
paljon,21,20,1.5
mahtavia,21,21,1.6
molemmat,21,19,1.4
huomioon,21,20,1.5
very,20,12,0.9
toinen,20,14,1.0
koko,20,20,1.5
lisäksi,20,18,1.3
pojat,20,19,1.4
ehjänä,20,20,1.5
tyytyväinen,20,19,1.4
positiivinen,20,19,1.4
työ,20,20,1.5
mukaan,20,19,1.4
olin,19,13,1.0
työnsä,19,19,1.4
loppuun,19,19,1.4
miellyttävä,19,18,1.3
jatkossakin,19,19,1.4
valita,19,17,1.3
kertaa,19,15,1.1
kaksi,18,17,1.3
jopa,18,18,1.3
kaikkea,18,16,1.2
paremmin,18,18,1.3
heille,18,16,1.2
rentoja,18,16,1.2
sohvan,18,15,1.1
osoitteeseen,18,18,1.3
käytän,18,18,1.3
lyhyellä,17,17,1.3
samalla,17,17,1.3
seuraavalle,17,17,1.3
sähköpostiin,17,17,1.3
työn,17,16,1.2
vaivattomasti,16,15,1.1
etuajassa,16,16,1.2
heidän,16,15,1.1
ajan,16,16,1.2
painavan,16,16,1.2
fiksuja,16,15,1.1
tehdä,16,16,1.2
siistit,16,15,1.1
laatu,16,16,1.2
moitteettomasti,16,16,1.2
oikeaan,16,15,1.1
suunnitellusti,16,14,1.0
yllättävän,16,16,1.2
toteutui,16,15,1.1
kautta,16,16,1.2
tekeminen,16,16,1.2
tiedossa,15,15,1.1
kaiken,15,15,1.1
muutenkin,15,14,1.0
mutkattomasti,15,14,1.0
jotka,15,15,1.1
siirron,15,15,1.1
aika,14,14,1.0
edellä,14,14,1.0
osasivat,14,14,1.0
käsittelivät,14,12,0.9
minuutilleen,14,14,1.0
hyvällä,14,14,1.0
minulle,14,11,0.8
pieni,14,13,1.0
tyypit,14,14,1.0
paikkansa,14,14,1.0
superhyviä,14,14,1.0
tunnin,14,11,0.8
mikä,14,13,1.0
kätevä,14,14,1.0
muutaman,14,13,1.0
maksaa,13,12,0.9
hieman,13,13,1.0
hinnan,13,13,1.0
poikia,13,12,0.9
toivonut,13,13,1.0
rauhallinen,13,12,0.9
asiat,13,13,1.0
tekijät,13,13,1.0
kannettiin,13,13,1.0
auttoivat,13,12,0.9
valmiiksi,13,12,0.9
tarkka,13,13,1.0
ehdottomasti,13,13,1.0
varovasti,13,13,1.0
ripeys,13,11,0.8
toisen,13,13,1.0
kyllä,13,12,0.9
käytössä,13,12,0.9
pakkasivat,12,12,0.9
plussaa,12,12,0.9
parasta,12,12,0.9
saatavuus,12,12,0.9
hissi,12,11,0.8
varoitusajalla,12,12,0.9
jäi,12,12,0.9
ettei,12,12,0.9
aikaisemmin,12,12,0.9
tullut,12,12,0.9
nettisivut,12,12,0.9
päällä,12,11,0.8
kokonaisuudessaan,12,12,0.9
enemmän,11,10,0.7
haastava,11,10,0.7
miten,11,9,0.7
sopiva,11,11,0.8
arvio,11,11,0.8
tarpeeseen,11,10,0.7
työtä,11,9,0.7
kohtaaminen,11,10,0.7
kuorman,11,10,0.7
kiva,11,11,0.8
eivät,11,10,0.7
yhteistyö,11,9,0.7
rivakasti,11,9,0.7
kolme,11,9,0.7
ihanat,11,11,0.8
porukkaa,11,11,0.8
määränpäässä,11,10,0.7
järjestyi,11,11,0.8
pakattu,11,11,0.8
hinnoittelu,11,11,0.8
tuntia,11,10,0.7
uudelleen,10,10,0.7
service,10,6,0.4
ehkä,10,10,0.7
matkan,10,10,0.7
tarkasti,10,9,0.7
pesukoneen,10,9,0.7
varsinainen,10,8,0.6
minun,10,9,0.7
tietoa,10,10,0.7
toiveet,10,9,0.7
saanut,10,10,0.7
they,10,9,0.7
alusta,10,10,0.7
kiinni,10,10,0.7
sanottavaa,10,10,0.7
pysyi,10,10,0.7
laittoivat,10,9,0.7
mukaisesti,10,10,0.7
itselleni,10,10,0.7
varaaminen,10,10,0.7
vaikuttivat,10,10,0.7
iloinen,10,9,0.7
professional,10,9,0.7
ensimmäistä,10,10,0.7
pystyi,10,10,0.7
neuvoja,10,9,0.7
aikoja,10,10,0.7
were,9,8,0.6
heitä,9,9,0.7
luottavainen,9,8,0.6
taitava,9,9,0.7
nyt,9,8,0.6
pistettä,9,8,0.6
suomea,9,9,0.7
fiilis,9,9,0.7
apua,9,9,0.7
kysyivät,9,9,0.7
tehtävä,9,8,0.6
aloitteinen,9,9,0.7
vähän,9,8,0.6
auton,9,9,0.7
pääsin,9,9,0.7
uuteen,9,8,0.6
pitikin,9,9,0.7
ihmiset,9,9,0.7
asenteella,9,9,0.7
uudessa,9,9,0.7
erityisesti,9,8,0.6
maksu,9,9,0.7
tulevat,9,9,0.7
pyytämättä,9,8,0.6
ilman,9,9,0.7
mainiosti,9,9,0.7
vahva,9,7,0.5
asiointi,9,9,0.7
kohdallaan,9,7,0.5
käytin,9,9,0.7
tuntui,9,9,0.7
selvästi,9,9,0.7
varmasti,9,8,0.6
liikkui,9,9,0.7
mies,9,8,0.6
oleva,9,9,0.7
vahvoja,9,9,0.7
huolimatta,9,9,0.7
informaatio,8,8,0.6
helpful,8,8,0.6
kuitenkin,8,8,0.6
tuotteen,8,7,0.5
naarmuista,8,6,0.4
mieli,8,8,0.6
hoitamaan,8,8,0.6
halusi,8,8,0.6
miestä,8,8,0.6
kivoja,8,7,0.5
suoraan,8,8,0.6
olleet,8,8,0.6
riittävän,8,8,0.6
polite,8,6,0.4
eri,8,7,0.5
arvostan,8,8,0.6
puolestani,8,8,0.6
asunnon,8,8,0.6
korjasivat,8,8,0.6
niinkuin,8,8,0.6
muillekin,8,8,0.6
tilasin,8,8,0.6
asia,8,8,0.6
lastata,8,7,0.5
jonka,8,7,0.5
ehjinä,8,8,0.6
meininki,8,8,0.6
luvattiin,8,8,0.6
min,8,6,0.4
englantia,8,8,0.6
klo,8,7,0.5
huumorilla,8,8,0.6
voisi,7,7,0.5
kellonajan,7,7,0.5
perusteella,7,7,0.5
näppärästi,7,7,0.5
työssään,7,7,0.5
kohde,7,7,0.5
kannattaa,7,7,0.5
suuri,7,7,0.5
voin,7,7,0.5
siihen,7,7,0.5
kalusteen,7,7,0.5
sisään,7,7,0.5
autoon,7,6,0.4
mahdollisuus,7,5,0.4
muista,7,7,0.5
good,7,6,0.4
ymmärrän,7,6,0.4
päteviä,7,7,0.5
sopimuksen,7,7,0.5
lopulta,7,6,0.4
tuote,7,6,0.4
josta,7,7,0.5
otettiin,7,7,0.5
kyytiin,7,7,0.5
purku,7,7,0.5
voinut,7,7,0.5
kuulunut,7,7,0.5
haluamaani,7,7,0.5
parhaat,7,7,0.5
tiimi,7,7,0.5
todellinen,7,5,0.4
kymppi,7,7,0.5
mennyt,7,7,0.5
myöhemmin,7,7,0.5
stressasin,7,7,0.5
kuulemma,7,7,0.5
kysymyksiin,7,7,0.5
odottaa,7,7,0.5
rikki,7,7,0.5
tavoitettavuus,7,7,0.5
katso,7,6,0.4
ylimääräistä,7,5,0.4
kympin,7,7,0.5
hänelle,7,6,0.4
laskutus,6,6,0.4
time,6,6,0.4
moving,6,3,0.2
everything,6,6,0.4
driver,6,4,0.3
efficient,6,5,0.4
hiukan,6,6,0.4
liian,6,5,0.4
selvillä,6,5,0.4
yksi,6,6,0.4
kunnossa,6,6,0.4
kiirettä,6,6,0.4
tehtyä,6,6,0.4
kerralla,6,6,0.4
lämpimästi,6,6,0.4
keskustelu,6,6,0.4
oltiin,6,6,0.4
suhde,6,6,0.4
annettujen,6,6,0.4
saimme,6,6,0.4
tapa,6,6,0.4
mallikkaasti,6,6,0.4
pois,6,6,0.4
hyvästä,6,6,0.4
meidän,6,6,0.4
meillä,6,5,0.4
kohdillaan,6,6,0.4
ansiosta,6,6,0.4
sängyn,6,6,0.4
keikka,6,6,0.4
tavalla,6,6,0.4
tehtiin,6,6,0.4
hyväkäytöksisiä,6,6,0.4
kirjahyllyn,6,5,0.4
teidän,6,6,0.4
näin,6,4,0.3
kivat,6,5,0.4
moitittavaa,6,6,0.4
kysyttiin,6,6,0.4
yritys,6,5,0.4
yllä,6,6,0.4
turvallisesti,6,6,0.4
samana,6,6,0.4
pitivät,6,6,0.4
tulla,6,6,0.4
lähtien,6,6,0.4
pienen,6,6,0.4
erikseen,6,6,0.4
varastoon,6,4,0.3
lämmin,5,5,0.4
tulen,5,5,0.4
työskentelyä,5,5,0.4
yhden,5,5,0.4
edes,5,5,0.4
pitkälle,5,5,0.4
kahdesti,5,5,0.4
lähetti,5,5,0.4
tiesin,5,5,0.4
yksin,5,5,0.4
portaita,5,5,0.4
päässä,5,5,0.4
ainoa,5,5,0.4
tosin,5,4,0.3
välitättehän,5,4,0.3
täys,5,5,0.4
tarvetta,5,5,0.4
pakettiauto,5,4,0.3
emme,5,5,0.4
ote,5,5,0.4
fast,5,5,0.4
pidettiin,5,5,0.4
varmisteltiin,5,5,0.4
pitää,5,5,0.4
tullessa,5,5,0.4
jouhevasti,5,5,0.4
kind,5,5,0.4
apurit,5,5,0.4
oloisia,5,5,0.4
vanhan,5,5,0.4
huono,5,5,0.4
mukana,5,5,0.4
autoa,5,5,0.4
kilpailukykyinen,5,5,0.4
takaisin,5,5,0.4
ihmettelin,5,5,0.4
vahinkoja,5,5,0.4
mahtunut,5,5,0.4
tietää,5,5,0.4
hankala,5,5,0.4
mikään,5,5,0.4
silti,5,5,0.4
tulossa,5,5,0.4
with,5,4,0.3
ennakkoon,5,5,0.4
sisällä,5,4,0.3
palaute,5,5,0.4
vaikeuksien,5,5,0.4
tästä,5,5,0.4
kunnioittaen,5,5,0.4
suuret,5,5,0.4
vuoksi,5,5,0.4
keskellä,5,4,0.3
pysyminen,5,5,0.4
huiput,5,5,0.4
milloin,5,5,0.4
laatikot,5,5,0.4
sovellus,5,5,0.4
kaapin,5,4,0.3
tärkeää,5,5,0.4
teitä,5,4,0.3
lopuksi,5,5,0.4
onko,5,4,0.3
asuntoon,5,5,0.4
vietiin,5,5,0.4
hänen,5,3,0.2
löysi,5,5,0.4
kts,5,5,0.4
