phrase,frequency,comments_mentioning,share_of_comments_pct
ystävällinen palvelu,63,58,4.3
muutto sujui,36,35,2.6
nuoria miehiä,30,29,2.2
helppo tilata,29,29,2.2
todella mukavia,28,25,1.9
sujui hyvin,27,27,2.0
helppo varata,24,24,1.8
homma hoitui,24,24,1.8
sujui nopeasti,22,22,1.6
hyvä palvelu,21,21,1.6
ystävällistä palvelua,19,18,1.3
reippaita ystävällisiä,19,19,1.4
iso kiitos,19,18,1.3
erittäin ystävällisiä,18,18,1.3
hyvä asiakaspalvelu,17,15,1.1
hoitivat homman,17,17,1.3
sovittuna aikana,16,16,1.2
nuoret miehet,16,16,1.2
nopea palvelu,16,15,1.1
kaikin puolin,16,16,1.2
erittäin hyvä,16,15,1.1
nopea tehokas,16,16,1.2
homma sujui,15,15,1.1
todella hyvin,15,14,1.0
nopeaa toimintaa,15,15,1.1
todella ystävällisiä,15,13,1.0
ystävällisiä reippaita,14,14,1.0
hoitivat muuton,14,13,1.0
oikein mukavia,14,14,1.0
palvelu erittäin,13,13,1.0
sovittuun aikaan,13,13,1.0
ripeää toimintaa,13,13,1.0
todella hyvä,13,12,0.9
nopea ystävällinen,13,13,1.0
ystävällisiä tehokkaita,12,12,0.9
ajoissa paikalla,12,12,0.9
ystävällinen avulias,12,12,0.9
mukavia ystävällisiä,12,12,0.9
mukavia reippaita,12,12,0.9
ystävällisiä kohteliaita,11,10,0.7
nopeaa ystävällistä,11,11,0.8
erittäin ystävällinen,11,10,0.7
mukavat reippaat,10,10,0.7
asiallisia ystävällisiä,10,10,0.7
reippaita kohteliaita,10,10,0.7
ystävällisiä ammattitaitoisia,10,10,0.7
sujui ripeästi,10,10,0.7
reippaat ystävälliset,9,8,0.6
lyhyellä varoitusajalla,9,9,0.7
hyvää palvelua,9,9,0.7
työntekijät ystävällisiä,9,9,0.7
hoitui nopeasti,9,9,0.7
reippaita mukavia,9,9,0.7
kohteliaita mukavia,9,9,0.7
hyvin ystävällisiä,9,9,0.7
työntekijät hoitivat,9,9,0.7
erittäin hyvin,9,8,0.6
mukavia asiallisia,9,9,0.7
nopealla aikataululla,9,9,0.7
loistava palvelu,9,9,0.7
palvelu helppo,9,9,0.7
työntekijät todella,9,9,0.7
helppo nopea,9,9,0.7
ystävällinen kohtelias,8,8,0.6
kohteliaita asiallisia,8,8,0.6
alusta loppuun,8,8,0.6
erittäin mukavia,8,8,0.6
kohteliaita reippaita,8,8,0.6
ystävällisiä asiallisia,8,8,0.6
erittäin hyviä,8,8,0.6
palvelu nopeaa,8,8,0.6
homma toimi,8,8,0.6
ystävällisiä ripeitä,8,8,0.6
ammattitaitoiset työntekijät,8,8,0.6
nuori mies,8,8,0.6
sujui hienosti,8,8,0.6
palvelu todella,8,8,0.6
samalle päivälle,8,8,0.6
mukavia avuliaita,8,7,0.5
kohteliaita nuoria,8,8,0.6
todella mukava,8,8,0.6
täsmällinen ystävällinen,7,7,0.5
reippaita nuoria,7,7,0.5
hyvä fiilis,7,7,0.5
hinta laatu,7,7,0.5
asiallisia kohteliaita,7,7,0.5
hoiti homman,7,7,0.5
erittäin mukavat,7,7,0.5
erittäin kohteliaita,7,7,0.5
todella tyytyväinen,7,7,0.5
mukavia ahkeria,7,7,0.5
ystävälliset muuttomiehet,7,7,0.5
avulias kuski,7,7,0.5
toimi sovittu,7,7,0.5
ehjänä perille,7,7,0.5
ystävällinen henkilökunta,7,6,0.4
todella nopeasti,7,7,0.5
nopea toimitus,7,7,0.5
työ sujui,7,7,0.5
tosi hyvä,7,7,0.5
mukava avulias,7,7,0.5
erinomainen palvelu,7,7,0.5
kiitos todella,7,7,0.5
sujui erinomaisesti,7,7,0.5
asiansa osaavia,7,7,0.5
toimi hyvin,7,7,0.5
todella hyvää,7,6,0.4
ystävällisiä avuliaita,7,7,0.5
ystävällisiä ahkeria,6,6,0.4
reippaat muuttomiehet,6,6,0.4
todella ystävällistä,6,6,0.4
koko ajan,6,6,0.4
varata netissä,6,6,0.4
ystävälliset työntekijät,6,6,0.4
sujui sovitusti,6,6,0.4
reippaat työntekijät,6,6,0.4
kuski todella,6,6,0.4
tosi mukavia,6,6,0.4
laatu suhde,6,6,0.4
ystävällisiä hoitivat,6,6,0.4
ystävällinen asiakaspalvelu,6,6,0.4
ystävälliset kuskit,6,6,0.4
nopeita ystävällisiä,6,6,0.4
miehet hoitivat,6,6,0.4
palvelu ystävällisiä,6,6,0.4
mukavat miehet,6,6,0.4
palvelu sujui,6,6,0.4
ajallaan paikalla,6,6,0.4
reippaat mukavat,6,5,0.4
kiitos paljon,6,6,0.4
toimi sovitusti,6,6,0.4
palvelu tosi,6,6,0.4
palvelu ystävällistä,6,6,0.4
vastattiin nopeasti,6,6,0.4
erittäin ystävälliset,6,6,0.4
helppo tehdä,6,6,0.4
ystävällinen tehokas,6,6,0.4
sujui todella,6,6,0.4
hyvin mukavia,6,6,0.4
mukavia ammattitaitoisia,6,5,0.4
tulivat ajallaan,5,5,0.4
lämmin suositus,5,5,0.4
ystävälliset miehet,5,5,0.4
hyvä mieli,5,5,0.4
hoitivat työnsä,5,5,0.4
nopea helppo,5,5,0.4
tehokkaita ystävällisiä,5,5,0.4
jäi hyvä,5,5,0.4
ystävälliset reippaat,5,5,0.4
todella ystävällinen,5,5,0.4
oikein hyvä,5,5,0.4
hyvä hinta,5,5,0.4
tosi ystävällinen,5,5,0.4
tilaaminen helppoa,5,5,0.4
oikein hyvin,5,5,0.4
kaiken kaikkiaan,5,5,0.4
ripeitä kohteliaita,5,5,0.4
hinta kohtuullinen,5,5,0.4
palvelu hyvä,5,5,0.4
very helpful,5,5,0.4
tavarat ehjänä,5,5,0.4
työntekijät reippaita,5,5,0.4
ripeä toiminta,5,5,0.4
mukavia nuoria,5,5,0.4
reippaita miehiä,5,5,0.4
uuteen osoitteeseen,5,5,0.4
hyvin reippaita,5,5,0.4
aikataulu hyvin,5,5,0.4
hoitivat hommansa,5,5,0.4
hyvällä asenteella,5,5,0.4
hyvä asenne,5,4,0.3
kuski ystävällinen,5,5,0.4
tulivat ajoissa,5,5,0.4
kuljetus ajallaan,5,5,0.4
asiallisia tehokkaita,5,5,0.4
helppous nopeus,5,5,0.4
tekivät työnsä,5,5,0.4
todella mukavat,5,5,0.4
kantajat todella,5,5,0.4
edullinen hinta,5,5,0.4
loistavaa palvelua,5,5,0.4
palvelua ystävällisiä,5,5,0.4
voin suositella,5,5,0.4
palvelu kiitos,5,5,0.4
muutto hoitui,5,5,0.4
hyvin ystävällinen,5,5,0.4
nopeus hinta,5,5,0.4
aikataulussa pysyminen,5,5,0.4
reipas nopea,5,5,0.4
sujuvaa toimintaa,5,5,0.4
ystävälliset apukuskit,5,5,0.4
kohteliaita ripeitä,5,5,0.4
mennyt rikki,5,5,0.4
nopeus täsmällisyys,5,5,0.4
hyvin hoitivat,5,5,0.4
kohtelias palvelu,5,5,0.4
hyvä yhteydenpito,5,5,0.4
ystävällistä nopeaa,5,5,0.4
sujui ongelmitta,5,5,0.4
ystävällinen nopea,5,5,0.4
sujuva palvelu,5,5,0.4
ammattitaitoisia ystävällisiä,5,5,0.4
hyvin saatavilla,5,5,0.4
palvelu mukavia,5,5,0.4
kohteliaita ystävällisiä,5,5,0.4
hinta laatusuhde,5,5,0.4
palvelu toimi,5,5,0.4
hyviä tyyppejä,5,5,0.4
nopea luotettava,5,5,0.4
työntekijät mukavia,5,5,0.4
mukavat työntekijät,5,5,0.4
kuski apukuski,4,3,0.2
mukavat osaavat,4,4,0.3
olin tilannut,4,4,0.3
todella helppoa,4,4,0.3
oikein hyviä,4,4,0.3
ennen kuljetusta,4,3,0.2
ystävällinen hyvä,4,4,0.3
muuttajat ystävällisiä,4,4,0.3
asiansa osaava,4,4,0.3
hoitivat kaiken,4,4,0.3
hyvin ystävälliset,4,4,0.3
ripeä palvelu,4,4,0.3
mukavia kohteliaita,4,4,0.3
työntekijät erittäin,4,4,0.3
työntekijät tekivät,4,4,0.3
palvelu erinomaista,4,4,0.3
kohtuullinen hinta,4,4,0.3
toimi juuri,4,4,0.3
muuttomiehet tulivat,4,4,0.3
was very,4,4,0.3
erittäin nopea,4,4,0.3
reippaita osaavia,4,4,0.3
hinta edullinen,4,4,0.3
tavaroiden siirto,4,4,0.3
palvelu ystävällinen,4,4,0.3
sujui ajallaan,4,4,0.3
mukavat kohteliaat,4,4,0.3
ystävällisiä luotettavia,4,4,0.3
reipasta nopeaa,4,4,0.3
ammattitaitoista ystävällistä,4,4,0.3
luotettavaa palvelua,4,4,0.3
työnsä osaavia,4,4,0.3
todella ammattimaisia,4,3,0.2
mukavia huolellisia,4,4,0.3
ystävällisiä työntekijöitä,4,4,0.3
ystävälliset kohteliaat,4,4,0.3
loistava asiakaspalvelu,4,4,0.3
hyvin todella,4,4,0.3
muuttomiehet erittäin,4,4,0.3
täsmällisyys nopeus,4,4,0.3
ajallaan nopeasti,4,4,0.3
iloisia ystävällisiä,4,4,0.3
mukavia kavereita,4,4,0.3
kuljetus hoitui,4,4,0.3
ensimmäistä kertaa,4,4,0.3
ystävällisiä huolellisia,4,4,0.3
nopeasti huolellisesti,4,4,0.3
molemmat työntekijät,4,4,0.3
kuski erittäin,4,4,0.3
toinen kerta,4,4,0.3
muuttomiehet mukavia,4,4,0.3
mukavia osaavia,4,4,0.3
sujuva helppo,4,4,0.3
mukavat muuttomiehet,4,4,0.3
ystävällinen kuljettaja,4,4,0.3
hyvät tyypit,4,4,0.3
oikein ystävällisiä,4,4,0.3
mukavat ripeät,4,4,0.3
nopeasti työntekijät,4,4,0.3
työntekijät ammattitaitoisia,4,4,0.3
ystävällinen ripeä,4,4,0.3
huolellinen toiminta,4,4,0.3
muutto onnistui,4,4,0.3
asiansa osaavat,4,3,0.2
toimi ripeästi,4,4,0.3
ystävälliset ammattitaitoiset,4,4,0.3
nopea hyvä,4,4,0.3
ystävällisiä mukavia,4,4,0.3
erittäin hyvää,4,4,0.3
hyvät työntekijät,4,4,0.3
reipasta toimintaa,4,4,0.3
todella ammattitaitoisia,4,4,0.3
aikataulun mukaan,4,4,0.3
the driver,4,3,0.2
driver was,4,3,0.2
ystävällinen reipas,4,4,0.3
nopea muutto,4,4,0.3
muutto alkoi,4,4,0.3
ystävällisiä nuoria,4,4,0.3
nopeus ystävällisyys,4,4,0.3
hyvä palveluasenne,4,3,0.2
seuraavalle päivälle,4,4,0.3
hoitui ripeästi,4,4,0.3
täysin ajallaan,4,4,0.3
palvelua työntekijät,4,4,0.3
kiitos vielä,4,3,0.2
hyvin kohteliaita,4,4,0.3
saapui ajoissa,4,4,0.3
muuton todella,4,4,0.3
ajallaan ystävällinen,4,3,0.2
onnistui hyvin,4,4,0.3
toimintaa tavarat,4,4,0.3
nopeasti hyvin,4,4,0.3
todella nopea,4,4,0.3
ripeää ystävällistä,4,4,0.3
varata netistä,4,4,0.3
ystävälliset henkilöt,4,4,0.3
muutto tapahtui,4,4,0.3
nopeasti tehokkaasti,4,4,0.3
asiallisia kavereita,4,4,0.3
hoitui hyvin,4,4,0.3
hyvin kiitos,4,4,0.3
aikoja hyvin,4,4,0.3
kind and,4,4,0.3
hyvin hoidettu,4,4,0.3
asiallisia reippaita,4,4,0.3
kuski ajallaan,4,3,0.2
tilauksen tekeminen,4,4,0.3
hyvää asiakaspalvelua,4,4,0.3
aikataulun mukaisesti,4,4,0.3
huonekalut suojattiin,4,4,0.3
täyden kympin,4,4,0.3
saapuivat paikalle,4,4,0.3
hyvin työntekijät,4,4,0.3
muutaman minuutin,4,4,0.3
mukavat tehokkaat,4,4,0.3
tehokas palvelu,4,4,0.3
iso plussa,4,4,0.3
ripeitä huolellisia,4,4,0.3
kantajat ystävällisiä,4,4,0.3
tavarat pakattiin,4,4,0.3
täysi kymppi,4,4,0.3
polite and,4,4,0.3
molemmissa päissä,4,3,0.2
tehokas ystävällinen,4,4,0.3
puoli tuntia,4,4,0.3
tehokasta ystävällistä,4,4,0.3
kuski soitti,4,3,0.2
