month,service_group,channel,orders,revenue_eur
2024-01,boxes,manual,13,300.92
2024-01,business,platform,16,0.0
2024-01,business,manual,17,1487.77
2024-01,carry_help,manual,3,109.9
2024-01,muutto,platform,21,0.0
2024-01,muutto,manual,41,10142.5
2024-01,recommerce,platform,33,0.0
2024-01,recommerce,manual,21,2653.11
2024-01,recycling,manual,9,260.94
2024-01,recycling,platform,7,0.0
2024-01,social_services,manual,4,0.0
2024-01,unclassified,manual,12,0.0
2024-02,boxes,manual,19,0.0
2024-02,business,manual,5,908.82
2024-02,business,platform,10,0.0
2024-02,carry_help,manual,5,0.0
2024-02,muutto,manual,83,8859.37
2024-02,muutto,platform,15,0.0
2024-02,other,manual,3,0.0
2024-02,recommerce,platform,28,0.0
2024-02,recommerce,manual,25,2117.18
2024-02,recycling,platform,8,0.0
2024-02,recycling,manual,16,1409.35
2024-02,social_services,manual,3,0.0
2024-02,unclassified,manual,12,0.0
2024-03,boxes,manual,6,0.0
2024-03,business,manual,18,710.29
2024-03,business,platform,7,0.0
2024-03,carry_help,manual,10,440.26
2024-03,muutto,platform,14,0.0
2024-03,muutto,manual,60,6671.21
2024-03,other,manual,1,0.0
2024-03,recommerce,platform,20,0.0
2024-03,recommerce,manual,20,1145.05
2024-03,recycling,platform,8,0.0
2024-03,recycling,manual,6,253.31
2024-03,social_services,manual,1,0.0
2024-03,unclassified,manual,3,60.0
2024-04,boxes,manual,18,199.2
2024-04,business,platform,6,0.0
2024-04,business,manual,20,0.0
2024-04,carry_help,manual,3,65.0
2024-04,muutto,manual,72,7870.65
2024-04,muutto,platform,21,0.0
2024-04,recommerce,platform,35,0.0
2024-04,recommerce,manual,21,1848.88
2024-04,recycling,platform,7,0.0
2024-04,recycling,manual,6,0.0
2024-04,social_services,manual,5,350.0
2024-04,unclassified,manual,1,0.0
2024-05,boxes,manual,18,229.0
2024-05,business,manual,10,579.74
2024-05,business,platform,10,0.0
2024-05,carry_help,manual,6,0.0
2024-05,muutto,manual,83,4826.21
2024-05,muutto,platform,28,0.0
2024-05,other,manual,2,0.0
2024-05,recommerce,platform,52,0.0
2024-05,recommerce,manual,40,1047.19
2024-05,recycling,manual,7,0.0
2024-05,recycling,platform,10,0.0
2024-05,social_services,manual,1,0.0
2024-05,unclassified,manual,22,89.9
2024-06,boxes,manual,23,222.9
2024-06,business,manual,4,0.0
2024-06,business,platform,9,0.0
2024-06,carry_help,manual,8,212.47
2024-06,muutto,platform,29,0.0
2024-06,muutto,manual,83,5005.11
2024-06,other,manual,10,0.0
2024-06,recommerce,manual,28,717.68
2024-06,recommerce,platform,37,0.0
2024-06,recycling,manual,10,0.0
2024-06,recycling,platform,3,0.0
2024-06,social_services,manual,1,0.0
2024-06,unclassified,manual,18,0.0
2024-07,boxes,manual,17,318.75
2024-07,business,manual,14,543.75
2024-07,business,platform,4,0.0
2024-07,carry_help,manual,11,0.0
2024-07,muutto,manual,65,3851.58
2024-07,muutto,platform,31,0.0
2024-07,recommerce,manual,24,686.0
2024-07,recommerce,platform,67,0.0
2024-07,recycling,platform,11,0.0
2024-07,recycling,manual,10,0.0
2024-07,social_services,manual,2,0.0
2024-07,unclassified,manual,9,138.3
2024-08,boxes,manual,16,201.5
2024-08,business,manual,8,0.0
2024-08,business,platform,3,0.0
2024-08,carry_help,manual,5,179.9
2024-08,muutto,platform,29,0.0
2024-08,muutto,manual,43,2018.57
2024-08,recommerce,platform,70,0.0
2024-08,recommerce,manual,18,363.69
2024-08,recycling,manual,3,0.0
2024-08,recycling,platform,14,0.0
2024-08,social_services,manual,2,0.0
2024-08,unclassified,manual,4,65.0
2024-09,boxes,manual,21,381.25
2024-09,business,manual,16,0.0
2024-09,business,platform,6,0.0
2024-09,carry_help,manual,10,40.0
2024-09,muutto,manual,82,3322.7
2024-09,muutto,platform,32,0.0
2024-09,other,manual,9,0.0
2024-09,recommerce,platform,74,0.0
2024-09,recommerce,manual,24,391.03
2024-09,recycling,manual,15,99.92
2024-09,recycling,platform,11,0.0
2024-09,social_services,manual,2,0.0
2024-10,boxes,manual,22,168.0
2024-10,business,platform,7,0.0
2024-10,business,manual,10,541.28
2024-10,carry_help,manual,7,0.0
2024-10,muutto,platform,38,0.0
2024-10,muutto,manual,112,10911.25
2024-10,recommerce,manual,40,2462.06
2024-10,recommerce,platform,85,0.0
2024-10,recycling,manual,18,805.0
2024-10,recycling,platform,10,0.0
2024-10,social_services,manual,2,0.0
2024-10,unclassified,manual,41,0.0
2024-11,boxes,manual,24,246.8
2024-11,business,manual,8,0.0
2024-11,carry_help,manual,6,0.0
2024-11,muutto,manual,93,9353.14
2024-11,muutto,platform,33,0.0
2024-11,other,manual,1,0.0
2024-11,recommerce,platform,110,0.0
2024-11,recommerce,manual,17,204.26
2024-11,recycling,platform,7,0.0
2024-11,recycling,manual,13,329.44
2024-11,social_services,manual,2,0.0
2024-11,unclassified,manual,5,60.0
2024-12,boxes,manual,17,144.5
2024-12,business,manual,9,0.0
2024-12,carry_help,manual,4,0.0
2024-12,muutto,manual,69,2786.32
2024-12,muutto,platform,35,0.0
2024-12,recommerce,platform,99,0.0
2024-12,recommerce,manual,17,275.96
2024-12,recycling,platform,6,0.0
2024-12,recycling,manual,12,180.73
2024-12,social_services,manual,3,0.0
2024-12,unclassified,manual,11,110.0
2025-01,boxes,manual,18,140.0
2025-01,business,manual,13,0.0
2025-01,carry_help,manual,5,0.0
2025-01,muutto,platform,33,0.0
2025-01,muutto,manual,90,291.24
2025-01,other,manual,2,0.0
2025-01,recommerce,platform,97,0.0
2025-01,recommerce,manual,17,0.0
2025-01,recycling,manual,11,0.0
2025-01,recycling,platform,15,0.0
2025-01,social_services,manual,10,0.0
2025-01,unclassified,manual,8,0.0
2025-02,boxes,manual,27,0.0
2025-02,business,manual,9,0.0
2025-02,carry_help,manual,2,0.0
2025-02,muutto,platform,36,0.0
2025-02,muutto,manual,87,164.0
2025-02,recommerce,platform,100,0.0
2025-02,recommerce,manual,19,0.0
2025-02,recycling,platform,8,0.0
2025-02,recycling,manual,8,0.0
2025-02,social_services,manual,11,0.0
2025-02,unclassified,manual,7,0.0
2025-03,boxes,manual,21,0.0
2025-03,business,manual,20,215.94
2025-03,carry_help,manual,13,0.0
2025-03,muutto,platform,53,0.0
2025-03,muutto,manual,88,233.43
2025-03,recommerce,platform,121,0.0
2025-03,recommerce,manual,30,0.0
2025-03,recycling,manual,17,0.0
2025-03,recycling,platform,8,0.0
2025-03,social_services,manual,7,0.0
2025-03,unclassified,manual,1,0.0
2025-04,boxes,manual,10,0.0
2025-04,business,manual,12,0.0
2025-04,carry_help,manual,6,0.0
2025-04,muutto,manual,64,0.0
2025-04,muutto,platform,62,0.0
2025-04,recommerce,manual,23,0.0
2025-04,recommerce,platform,123,0.0
2025-04,recycling,platform,12,0.0
2025-04,recycling,manual,13,0.0
2025-04,social_services,manual,8,0.0
2025-04,unclassified,manual,4,0.0
2025-05,boxes,manual,12,96.0
2025-05,business,manual,11,0.0
2025-05,carry_help,manual,17,0.0
2025-05,muutto,manual,72,0.0
2025-05,muutto,platform,52,0.0
2025-05,other,manual,1,0.0
2025-05,recommerce,platform,180,0.0
2025-05,recommerce,manual,26,0.0
2025-05,recycling,platform,19,0.0
2025-05,recycling,manual,13,0.0
2025-05,social_services,manual,4,0.0
2025-05,unclassified,manual,7,0.0
2025-06,boxes,manual,3,340.0
2025-06,business,manual,13,1828.45
2025-06,carry_help,manual,11,449.9
2025-06,muutto,manual,75,7559.87
2025-06,muutto,platform,93,0.0
2025-06,recommerce,manual,20,1536.92
2025-06,recommerce,platform,176,0.0
2025-06,recycling,manual,12,119.9
2025-06,recycling,platform,30,0.0
2025-06,social_services,manual,8,2517.9
2025-06,unclassified,manual,4,129.9
2025-07,business,manual,3,1414.31
2025-07,carry_help,manual,13,2495.27
2025-07,muutto,platform,93,0.0
2025-07,muutto,manual,58,22774.9
2025-07,other,manual,4,354.25
2025-07,recommerce,platform,199,0.0
2025-07,recommerce,manual,23,3306.18
2025-07,recycling,manual,9,1626.81
2025-07,recycling,platform,31,0.0
2025-07,social_services,manual,6,2278.1
2025-07,unclassified,manual,5,123.0
2025-08,business,manual,1,193.11
2025-08,carry_help,manual,12,2051.37
2025-08,muutto,manual,37,13474.42
2025-08,muutto,platform,127,0.0
2025-08,recommerce,platform,219,0.0
2025-08,recommerce,manual,27,4698.92
2025-08,recycling,platform,24,0.0
2025-08,recycling,manual,5,1110.15
2025-08,social_services,manual,10,5516.4
2025-08,unclassified,manual,7,479.6
2025-09,business,manual,3,1650.64
2025-09,carry_help,manual,11,4887.2
2025-09,muutto,manual,28,9754.73
2025-09,muutto,platform,135,0.0
2025-09,recommerce,platform,178,200.85
2025-09,recommerce,manual,22,3883.49
2025-09,recycling,platform,23,0.0
2025-09,recycling,manual,13,2248.44
2025-09,social_services,manual,8,3282.2
2025-09,unclassified,manual,6,275.0
2025-10,business,manual,2,2421.45
2025-10,carry_help,manual,10,1723.55
2025-10,muutto,manual,62,16266.23
2025-10,muutto,platform,117,18980.13
2025-10,other,manual,1,286.83
2025-10,recommerce,manual,33,6283.21
2025-10,recommerce,platform,184,14252.72
2025-10,recycling,platform,17,1306.9
2025-10,recycling,manual,21,4091.36
2025-10,social_services,manual,2,783.4
2025-10,unclassified,manual,21,445.0
2025-11,boxes,manual,1,194.85
2025-11,business,manual,1,1642.8
2025-11,carry_help,manual,8,1680.68
2025-11,muutto,manual,31,7820.7
2025-11,muutto,platform,109,20273.97
2025-11,recommerce,manual,17,4322.1
2025-11,recommerce,platform,179,16399.34
2025-11,recycling,platform,28,2794.46
2025-11,recycling,manual,13,2889.78
2025-11,social_services,manual,3,1176.15
2025-11,unclassified,manual,9,123.9
2025-12,business,manual,1,423.75
2025-12,carry_help,platform,8,869.89
2025-12,carry_help,manual,10,1635.24
2025-12,muutto,manual,33,9284.98
2025-12,muutto,platform,89,16652.18
2025-12,recommerce,platform,170,17483.95
2025-12,recommerce,manual,25,5350.13
2025-12,recycling,platform,30,3329.75
2025-12,recycling,manual,13,2958.53
2025-12,social_services,manual,5,3016.75
2025-12,unclassified,manual,10,0.0
2026-01,business,manual,1,541.81
2026-01,carry_help,platform,11,1127.1
2026-01,carry_help,manual,5,964.69
2026-01,muutto,platform,105,20217.33
2026-01,muutto,manual,64,13058.39
2026-01,recommerce,platform,178,16374.9
2026-01,recommerce,manual,35,5811.89
2026-01,recycling,platform,11,1276.56
2026-01,recycling,manual,10,2268.79
2026-01,social_services,manual,4,2044.5
2026-01,unclassified,manual,16,0.0
2026-02,business,manual,15,1809.09
2026-02,carry_help,platform,13,1463.36
2026-02,carry_help,manual,2,79.9
2026-02,muutto,platform,89,18666.56
2026-02,muutto,manual,41,7895.4
2026-02,other,manual,1,325.6
2026-02,recommerce,manual,32,4761.81
2026-02,recommerce,platform,146,14196.46
2026-02,recycling,platform,24,2296.09
2026-02,recycling,manual,8,1866.96
2026-02,social_services,manual,4,1898.07
2026-02,unclassified,manual,3,0.0
2026-03,business,platform,1,38.75
2026-03,business,manual,10,1613.71
2026-03,carry_help,manual,8,809.04
2026-03,carry_help,platform,16,1982.78
2026-03,muutto,manual,38,10926.36
2026-03,muutto,platform,75,15263.99
2026-03,other,manual,2,0.0
2026-03,recommerce,platform,174,18283.07
2026-03,recommerce,manual,16,4226.25
2026-03,recycling,manual,5,735.52
2026-03,recycling,platform,31,2939.96
2026-03,social_services,manual,8,3773.12
2026-03,unclassified,manual,1,0.0
2026-04,business,manual,4,255.25
2026-04,carry_help,platform,13,1919.7
2026-04,carry_help,manual,8,1111.67
2026-04,muutto,platform,73,14944.11
2026-04,muutto,manual,68,10169.75
2026-04,other,manual,3,549.0
2026-04,recommerce,manual,32,5481.65
2026-04,recommerce,platform,134,13391.74
2026-04,recycling,manual,4,834.85
2026-04,recycling,platform,23,2579.69
2026-04,route_ops,manual,6,7424.47
2026-04,social_services,manual,7,4322.0
2026-04,unclassified,manual,17,945.9
2026-05,business,manual,2,75.0
2026-05,business,platform,49,5539.02
2026-05,carry_help,manual,6,331.23
2026-05,carry_help,platform,19,2685.23
2026-05,muutto,manual,61,18303.28
2026-05,muutto,platform,88,21270.68
2026-05,other,manual,2,72.0
2026-05,recommerce,manual,25,2580.83
2026-05,recommerce,platform,181,19794.62
2026-05,recycling,platform,44,4744.98
2026-05,recycling,manual,7,1086.0
2026-05,route_ops,manual,2,500.0
2026-05,social_services,manual,5,2653.05
2026-05,unclassified,manual,2,89.9
2026-06,business,platform,55,6102.36
2026-06,carry_help,platform,22,2858.4
2026-06,carry_help,manual,8,1226.92
2026-06,muutto,manual,66,18423.56
2026-06,muutto,platform,83,17890.8
2026-06,other,manual,2,129.0
2026-06,recommerce,platform,206,23802.15
2026-06,recommerce,manual,38,4460.1
2026-06,recycling,manual,8,2086.44
2026-06,recycling,platform,55,5920.41
2026-06,unclassified,manual,7,0.0
2026-07,business,platform,44,6797.85
2026-07,carry_help,platform,26,3603.45
2026-07,carry_help,manual,9,837.6
2026-07,muutto,platform,79,21345.13
2026-07,muutto,manual,80,31840.12
2026-07,other,manual,3,278.15
2026-07,other,platform,4,954.63
2026-07,recommerce,platform,154,17474.37
2026-07,recommerce,manual,22,3441.17
2026-07,recycling,platform,58,6462.47
2026-07,recycling,manual,7,1068.98
2026-07,route_ops,manual,1,79.9
2026-07,unclassified,manual,8,2168.5
2026-08,business,platform,70,10710.06
2026-08,carry_help,platform,33,3678.02
2026-08,carry_help,manual,6,482.69
2026-08,muutto,platform,108,35265.7
2026-08,muutto,manual,70,24690.0
2026-08,other,manual,2,219.8
2026-08,other,platform,6,1063.24
2026-08,recommerce,platform,268,30905.75
2026-08,recommerce,manual,21,3754.21
2026-08,recycling,manual,8,1320.98
2026-08,recycling,platform,77,8512.87
2026-08,route_ops,manual,1,89.9
2026-08,unclassified,manual,6,453.8
2026-09,boxes,manual,1,0.0
2026-09,business,platform,5,608.23
2026-09,carry_help,platform,14,1459.43
2026-09,carry_help,manual,2,209.8
2026-09,muutto,platform,54,10845.76
2026-09,muutto,manual,34,9729.79
2026-09,other,platform,6,1077.21
2026-09,other,manual,5,569.5
2026-09,recommerce,manual,19,1153.08
2026-09,recommerce,platform,155,15805.54
2026-09,recycling,manual,8,744.26
2026-09,recycling,platform,38,4927.15
2026-09,route_ops,manual,1,134.85
2026-09,unclassified,manual,5,701.0
